-- ============================================================
--  BASE DE DATOS · Jardinería
-- ============================================================

CREATE DATABASE jardineria;
USE jardineria;

-- ------------------------------------------------------------
-- GAMA_PRODUCTO
-- ------------------------------------------------------------
CREATE TABLE gama_producto (
    gama             VARCHAR(50)  PRIMARY KEY,
    descripcion_texto TEXT,
    descripcion_html TEXT,
    imagen           VARCHAR(256)
);

INSERT INTO gama_producto VALUES
('Aromáticas',  'Plantas aromáticas',                NULL, NULL),
('Frutales',    'Árboles frutales',                  NULL, NULL),
('Herramientas','Herramientas de jardinería',         NULL, NULL),
('Herbaceas',   'Plantas herbáceas',                  NULL, NULL),
('Ornamentales','Plantas ornamentales',               NULL, NULL),
('Piedra',      'Plantas de piedra o crasas',         NULL, NULL),
('Trepadoras',  'Plantas trepadoras',                 NULL, NULL);

-- ------------------------------------------------------------
-- PRODUCTO
-- ------------------------------------------------------------
CREATE TABLE producto (
    codigo_producto   VARCHAR(15)    PRIMARY KEY,
    nombre            VARCHAR(70)    NOT NULL,
    gama              VARCHAR(50)    NOT NULL REFERENCES gama_producto(gama),
    dimensiones       VARCHAR(25),
    proveedor         VARCHAR(50),
    descripcion       TEXT,
    cantidad_en_stock SMALLINT       NOT NULL,
    precio_venta      DECIMAL(15,2)  NOT NULL,
    precio_proveedor  DECIMAL(15,2)
);

INSERT INTO producto VALUES
('AR-001', 'Ajedrea', 'Aromáticas',   '15-20',  'Murcia Herbs',   NULL, 140,  1.00,  0.60),
('AR-002', 'Lavanda', 'Aromáticas',   '20-30',  'Murcia Herbs',   NULL,  90,  4.00,  1.50),
('AR-003', 'Mejorana', 'Aromáticas',   '10-15',  'Murcia Herbs',   NULL, 120,  1.80,  0.90),
('AR-004', 'Menta',    'Aromáticas',   '10-15',  'Murcia Herbs',   NULL,  95,  1.80,  0.90),
('AR-005', 'Orégano',  'Aromáticas',   '15-20',  'Murcia Herbs',   NULL, 100,  1.50,  0.75),
('AR-006', 'Tomillo',                     'Aromáticas',   '15-20',  'Murcia Herbs',   NULL,  80,  1.50,  0.75),
('FR-001', 'Cerezo',                      'Frutales',     '150-200','Frutales Talavera',NULL, 50, 10.95,  5.00),
('FR-002', 'Limonero',                    'Frutales',     '150-200','Frutales Talavera',NULL, 15, 16.00,  8.00),
('FR-003', 'Mandarino',                   'Frutales',     '150-200','Frutales Talavera',NULL, 20, 10.65,  4.00),
('FR-004', 'Manzano',                     'Frutales',     '150-200','Frutales Talavera',NULL, 10, 11.00,  5.00),
('FR-005', 'Melocotonero',                'Frutales',     '150-200','Frutales Talavera',NULL, 12,  7.95,  3.50),
('FR-006', 'Naranjo',                     'Frutales',     '150-200','Frutales Talavera',NULL, 44,  9.00,  4.00),
('FR-007', 'Nogal',                       'Frutales',     '200-250','Frutales Talavera',NULL, 10, 19.95,  9.00),
('FR-008', 'Olivo',                       'Frutales',     '200-250','Frutales Talavera',NULL, 20, 16.95,  7.00),
('FR-009', 'Peral',                       'Frutales',     '150-200','Frutales Talavera',NULL, 20,  9.00,  4.00),
('FR-010', 'Granado',                     'Frutales',     '150-200','Frutales Talavera',NULL, 15, 10.50,  4.50),
('FR-011', 'Higuera',                     'Frutales',     '150-200','Frutales Talavera',NULL, 10, 10.50,  4.50),
('FR-012', 'Kaki',                        'Frutales',     '150-200','Frutales Talavera',NULL, 15, 10.50,  4.50),
('FR-013', 'Ciruelo',                     'Frutales',     '150-200','Frutales Talavera',NULL, 15, 10.50,  4.50),
('FR-014', 'Caqui',                       'Frutales',     '150-200','Frutales Talavera',NULL, 10, 10.50,  4.50),
('FR-015', 'Albaricoquero',               'Frutales',     '150-200','Frutales Talavera',NULL, 10, 10.50,  4.50),
('HE-001', 'Escardadora Bertoni',         'Herramientas', NULL,     'BricoKing',       NULL, 10,  6.99,  3.50),
('HE-002', 'Azadón',                      'Herramientas', NULL,     'BricoKing',       NULL, 10,  6.50,  3.00),
('OR-001', 'Abutilon',                    'Ornamentales', '40-60',  'Viveros EL OASIS',NULL, 15, 14.68,  7.00),
('OR-002', 'Acalypha',                    'Ornamentales', '40-60',  'Viveros EL OASIS',NULL, 15,  9.90,  4.00),
('OR-003', 'Acer Negundo',                'Ornamentales', '100-150','Viveros EL OASIS',NULL,  5, 16.49,  7.50),
('OR-004', 'Ácer Rojo',                   'Ornamentales', '100-150','Viveros EL OASIS',NULL,  3, 16.49,  7.50),
('OR-005', 'Ácer Rojo Royal',             'Ornamentales', '50-70',  'Viveros EL OASIS',NULL,  5, 16.49,  7.50),
('OR-006', 'Adonis Azul',                 'Ornamentales', '10-20',  'Viveros EL OASIS',NULL, 20,  4.95,  2.00),
('OR-007', 'Agapanthus',                  'Ornamentales', '30-40',  'Viveros EL OASIS',NULL, 15,  7.95,  3.50),
('OR-008', 'Agave Americana',             'Ornamentales', '50-70',  'Viveros EL OASIS',NULL, 10,  9.95,  4.50),
('OR-009', 'Agave attenuata',             'Ornamentales', '20-30',  'Viveros EL OASIS',NULL, 10, 10.00,  4.50),
('OR-010', 'Agave Macroacantha Variegata','Ornamentales', '20-30',  'Viveros EL OASIS',NULL, 10,  9.95,  4.50),
('OR-011', 'Ajuga reptans',               'Ornamentales', '5-10',   'Viveros EL OASIS',NULL, 10,  4.00,  1.80),
('OR-012', 'Albelia',                     'Ornamentales', '50-70',  'Viveros EL OASIS',NULL, 15,  6.00,  2.50),
('OR-013', 'Alce Negro (Querqus Petraea)','Ornamentales', '200-250','Viveros EL OASIS',NULL,  3, 24.00, 10.00),
('OR-014', 'Aloe arborescens',            'Ornamentales', '30-50',  'Viveros EL OASIS',NULL, 10,  5.00,  2.00),
('OR-015', 'Aloe Vera',                   'Ornamentales', '20-30',  'Viveros EL OASIS',NULL, 10,  5.00,  2.00),
('OR-016', 'Anthurium',                   'Ornamentales', '20-30',  'Viveros EL OASIS',NULL, 15,  9.90,  4.00),
('OR-017', 'Antirrhinum',                 'Ornamentales', '20-30',  'Viveros EL OASIS',NULL, 20,  4.00,  1.80),
('OR-018', 'Araucaria',                   'Ornamentales', '40-60',  'Viveros EL OASIS',NULL,  5, 10.00,  4.50),
('OR-019', 'Argyranthemum',               'Ornamentales', '30-40',  'Viveros EL OASIS',NULL, 20,  3.50,  1.50),
('OR-020', 'Aspidistra',                  'Ornamentales', '30-40',  'Viveros EL OASIS',NULL, 10,  7.00,  3.00),
('TR-001', 'Bignonia',                    'Trepadoras',   '200-300','Viveros Internacionales',NULL, 20, 4.00, 1.80),
('TR-002', 'Campsis',                     'Trepadoras',   '200-300','Viveros Internacionales',NULL, 20, 4.00, 1.80),
('TR-003', 'Clematis',                    'Trepadoras',   '200-300','Viveros Internacionales',NULL, 20, 4.00, 1.80),
('TR-004', 'Hedera',                      'Trepadoras',   '150-200','Viveros Internacionales',NULL, 20, 4.00, 1.80),
('TR-005', 'Jazmín',                      'Trepadoras',   '150-200','Viveros Internacionales',NULL, 20, 4.00, 1.80),
('TR-006', 'Lonicera',                    'Trepadoras',   '200-300','Viveros Internacionales',NULL, 20, 4.00, 1.80),
('TR-007', 'Solanum',                     'Trepadoras',   '200-300','Viveros Internacionales',NULL, 20, 4.00, 1.80),
('TR-008', 'Wisteria Sinensis',           'Trepadoras',   '200-300','Viveros Internacionales',NULL, 20, 4.00, 1.80);

-- ------------------------------------------------------------
-- OFICINA
-- ------------------------------------------------------------
CREATE TABLE oficina (
    codigo_oficina  VARCHAR(10)  PRIMARY KEY,
    ciudad          VARCHAR(30)  NOT NULL,
    pais            VARCHAR(50)  NOT NULL,
    region          VARCHAR(50),
    codigo_postal   VARCHAR(10),
    telefono        VARCHAR(20)  NOT NULL,
    linea_direccion1 VARCHAR(50) NOT NULL,
    linea_direccion2 VARCHAR(50)
);

INSERT INTO oficina VALUES
('BCN-ES', 'Barcelona', 'España',          'Barcelona',    '08013', '+34 93 3561182', 'Avenida Diagonal, 38', '3A'),
('BOS-USA','Boston',    'EEUU',            'MA',           '02108', '+1 781 924 2120','1550 Court Place',     'Suite 102'),
('LON-UK', 'Londres',   'Reino Unido',     NULL,           'EC2N 1HN','+44 20 78772041','52 Market Street',  'Ap. 5'),
('MAD-ES', 'Madrid',    'España',          'Madrid',       '28032', '+34 91 7514487', 'Bulevar Indalecio Prieto, 32', NULL),
('PAR-FR', 'París',     'Francia',         'Île-de-France','75017', '+33 14 723 4404','29 Rue Jouffroy d\'Abbans', NULL),
('SFC-USA','San Francisco','EEUU',         'CA',           '94080', '+1 650 219 4782','100 Market Street',  'Suite 300'),
('SYD-AU', 'Sídney',    'Australia',       'NSW',          '2010',  '+61 2 9264 2451','5-11 Wentworth Avenue','Floor #2'),
('TAL-ES', 'Talavera de la Reina','España','Castilla-LaMancha','45632','+34 925 867231','Francisco Aguirre, 32','5º piso'),
('TOK-JP', 'Tokio',     'Japón',           'Chiyoda-Ku',   '102-8578','+81 33 224 5000','4-1 Kioicho',      NULL);

-- ------------------------------------------------------------
-- EMPLEADO
-- ------------------------------------------------------------
CREATE TABLE empleado (
    codigo_empleado INT          PRIMARY KEY,
    nombre          VARCHAR(50)  NOT NULL,
    apellido1       VARCHAR(50)  NOT NULL,
    apellido2       VARCHAR(50),
    extension       VARCHAR(10)  NOT NULL,
    email           VARCHAR(100) NOT NULL,
    codigo_oficina  VARCHAR(10)  NOT NULL REFERENCES oficina(codigo_oficina),
    codigo_jefe     INT          REFERENCES empleado(codigo_empleado),
    puesto          VARCHAR(50)
);

INSERT INTO empleado VALUES
(1,  'Marcos',    'Magaña',     'Perez',   '3897', 'marcos@jardineria.es',    'TAL-ES', NULL, 'Director General'),
(2,  'Ruben',     'López',      'Martinez','2973', 'rlopez@jardineria.es',    'TAL-ES', 1,    'Subdirector Marketing'),
(3,  'Alberto',   'Soria',      'Carrasco', '2837','asoria@jardineria.es',    'TAL-ES', 2,    'Subdirector Ventas'),
(4,  'Maria',     'Solís',      'Jerez',   '2626', 'msoils@jardineria.es',   'TAL-ES', 2,    'Secretaria'),
(5,  'Felipe',    'Rosas',      'Marquez', '3985', 'frosas@jardineria.es',   'TAL-ES', 3,    'Representante Ventas'),
(6,  'Juan Carlos','Ortiz',     'Serrano', '3291', 'cortiz@jardineria.es',   'TAL-ES', 3,    'Representante Ventas'),
(7,  'Carlos',    'Soria',      'Jimenez', '2949', 'csoria@jardineria.es',   'MAD-ES', 3,    'Representante Ventas'),
(8,  'Mariano',   'López',      'Lastra',  '3818', 'mlopez@jardineria.es',   'BCN-ES', 3,    'Representante Ventas'),
(9,  'Lucía',     'Reyes',      'Ponce',   '4112', 'lreyes@jardineria.es',   'BCN-ES', 3,    'Representante Ventas'),
(10, 'Hilario',   'Rodriguez',  'Huertas', '3486', 'hrodriguez@jardineria.es','MAD-ES',3,    'Representante Ventas'),
(11, 'Emmanuel',  'Magaña',     'Perez',   '3897', 'empleado11@jardineria.es','SFC-USA',1,   'Director Oficina'),
(12, 'Juliette',  'Lemaire',    NULL,      '3827', 'empleado12@jardineria.es','PAR-FR', 11,   'Representante Ventas'),
(13, 'Lionel',    'Narvaez',    NULL,      '3938', 'empleado13@jardineria.es','SYD-AU', 11,   'Representante Ventas'),
(14, 'Laurent',   'Serra',      NULL,      '3914', 'empleado14@jardineria.es','LON-UK', 11,   'Representante Ventas'),
(15, 'Hilary',    'Washington', NULL,      '3812', 'empleado15@jardineria.es','BOS-USA',11,   'Representante Ventas'),
(16, 'Marcus',    'Paxton',     NULL,      '3992', 'empleado16@jardineria.es','SFC-USA',11,   'Representante Ventas'),
(17, 'Narumi',    'Hayashi',    NULL,      '3874', 'empleado17@jardineria.es','TOK-JP', 11,   'Representante Ventas'),
(18, 'Takuma',    'Nomura',     NULL,      '3981', 'empleado18@jardineria.es','TOK-JP', 11,   'Representante Ventas'),
(19, 'Amy',       'Johnson',    NULL,      '3927', 'empleado19@jardineria.es','SFC-USA',11,   'Representante Ventas'),
(20, 'Larry',     'Westfalls',  NULL,      '3984', 'empleado20@jardineria.es','BOS-USA',11,   'Representante Ventas'),
(21, 'John',      'Walton',     NULL,      '3821', 'empleado21@jardineria.es','BOS-USA',11,   'Representante Ventas'),
(22, 'Kevin',     'Fallmer',    NULL,      '3398', 'empleado22@jardineria.es','SFC-USA',11,   'Representante Ventas'),
(23, 'Walter',    'Santiago',   'Sanchez', '3990', 'wsantiago@jardineria.es', 'BCN-ES', 3,   'Representante Ventas'),
(24, 'Hilario',   'Rodriguez',  'Huertas', '3486', 'hrodriguez2@jardineria.es','MAD-ES',3,   'Representante Ventas'),
(25, 'Marcos',    'Fernandez',  'Torres',  '3918', 'mfernandez@jardineria.es','TAL-ES', 3,   'Representante Ventas');

-- ------------------------------------------------------------
-- CLIENTE
-- ------------------------------------------------------------
CREATE TABLE cliente (
    codigo_cliente       INT            PRIMARY KEY,
    nombre_cliente       VARCHAR(50)    NOT NULL,
    nombre_contacto      VARCHAR(30),
    apellido_contacto    VARCHAR(30),
    telefono             VARCHAR(15)    NOT NULL,
    fax                  VARCHAR(15)    NOT NULL,
    linea_direccion1     VARCHAR(50)    NOT NULL,
    linea_direccion2     VARCHAR(50),
    ciudad               VARCHAR(50)    NOT NULL,
    region               VARCHAR(50),
    pais                 VARCHAR(50),
    codigo_postal        VARCHAR(10),
    codigo_empleado_rep_ventas INT      REFERENCES empleado(codigo_empleado),
    limite_credito       DECIMAL(15,2)
);

INSERT INTO cliente VALUES
(1,  'GoldFish S.A.',             'Daniel',    'G.B.',       '5556901443', '5557156441', 'Rambla, 3',         NULL,          'Barcelona',   'Barcelona', 'Spain',  '08019', 5,  3000.00),
(2,  'Gardening Associates',      'Anne',      'Wright',     '5557410545', '5557410597', '487 Nw 19Th Ave.',  NULL,          'Miami',       'FL',        'USA',    '33172', 19, 6000.00),
(3,  'Tendo Garden',              'Akane',     'Tendo',      '916455774',  '916455774',  'C/Béjar, 28',       NULL,          'Madrid',      'Madrid',    'Spain',  '28945', 7,  5500.00),
(4,  'Golf S.A.',                 'Alfredo',   'Sánchez',    '916264020',  '916264020',  'Gran vía, 2',       NULL,          'Madrid',      'Madrid',    'Spain',  '28013', 7,  5500.00),
(5,  'Beragua',                   'Jose',      'Bermejo',    '654987321',  '914698654',  'C/pintor grieco, 10',NULL,         'Getafe',      'Madrid',    'Spain',  '28905', 5,  20000.00),
(6,  'Naturagua',                 'Guillermo', 'Rengifo',    '689234750',  '916428956',  'C/carpinteros, 22', NULL,          'Fuenlabrada', 'Madrid',    'Spain',  '28944', 5,  32000.00),
(7,  'Camunas Jardines S.L.',     'Pedro Luis','Camunas',    '916712379',  '916712379',  'Prolongacion C/Verde, 1', NULL,   'Fuenlabrada', 'Madrid',    'Spain',  '28945', 5,  36000.00),
(8,  'Dardena S.A.',              'Eva Maria', 'Sánchez',    '916235292',  '916235292',  'C/Nueva, 2',        NULL,          'Madrid',      'Madrid',    'Spain',  '28936', 5,  40000.00),
(9,  'Jardin de Flores',          'Dominic',   'McFarland',  '5557108621', '5557108623', '411 Brockton Ave.', NULL,          'Ontario',     'California','USA',    '91764', 19, 5000.00),
(10, 'Flores Marivi',             'Maria',     'Rodriguez',  '654956325',  '912320682',  'C/Leganes, 10',     NULL,          'Fuenlabrada', 'Madrid',    'Spain',  '28945', 5,  6000.00),
(11, 'Flowers, S.A.',             'Mónica',    'Senna',      '654246817',  '914698648',  'C/Antonio González Porras, 25',NULL,'Jerez de la Frontera','Cádiz','Spain','11401',6, 6000.00),
(12, 'Naturajardin',              'Victoria',  'Cruz',       '612343529',  '916548735',  'C/Benimussa, 24',   NULL,          'San José',    'Alicante',  'Spain',  '03640', 6,  5000.00),
(13, 'Jardines Matías S.L.',      'Matías',    'San Martín', '916458762',  '916458762',  'C/España, 1',       NULL,          'Fuenlabrada', 'Madrid',    'Spain',  '28945', 9,  3000.00),
(14, 'Jardinería Sara',           'Sara',      'Moreno',     '647516351',  '914698656',  'C/Urb. S. Antonio, 13',NULL,      'Coslada',     'Madrid',    'Spain',  '28821', 9,  7000.00),
(15, 'Tutifruti S.A.',            'Jacob',     'Jones',      '5557465596', '5557465597', '86 Nw 46Th Ave.',   NULL,          'Miami',       'Florida',   'USA',    '33114', 19, 8000.00),
(16, 'Flores S.A.',               'Antonio',   'Dominguez',  '654352981',  '914698643',  'C/Guacimara, 5',   NULL,          'Las Palmas',  'Las Palmas','Spain',  '35017', 8,  6000.00),
(17, 'Jardinería Tropical',       'María',     'Pacific',    '5557147074', '5557147073', '1785 First Avenue',  NULL,         'Miami',       'Florida',   'USA',    '33101', 19, 6000.00),
(18, 'Iberflora',                 'William',   'Ford',       '5556264316', '5556264317', '169 Spinnaker Dr.',  NULL,         'Miami',       'Florida',   'USA',    '33139', 19, 20000.00),
(19, 'Lasas S.A.',                'Antón',     'Villalón',   '669342645',  '916498365',  'C/Cebola, 2',       NULL,          'Fuenlabrada', 'Madrid',    'Spain',  '28945', 5,  154310.00),
(20, 'Casal Garden',              'Mike',      'Sherwood',   '5554321700', '5554320122', '193 Guayaquil',      NULL,         'Miami',       'Florida',   'USA',    '33101', 19, 6000.00),
(21, 'Musée du Jardin',           'Pierre',    'Dubois',     '33141232773','33141232774','7 Rue Beaubourg',    NULL,         'Paris',       'Île de France','France','75003',12,6000.00),
(22, 'Flores Margarita',          'Eva',       'Sánchez',    '916692981',  '916692983',  'C/Leganes, 10',     NULL,          'Fuenlabrada', 'Madrid',    'Spain',  '28945', 5,  4000.00),
(23, 'El Jardin Viviente S.L.',   'Antonio',   'Romero',     '916712098',  '916712099',  'C/Esperanza, 3',    NULL,          'Fuenlabrada', 'Madrid',    'Spain',  '28945', 5,  8000.00),
(24, 'Viveros Sabella',           'Rosaura',   'Lázaro',     '628831947',  '916712099',  'C/El Puerto, 2',    NULL,          'Sevilla',     'Sevilla',   'Spain',  '41700', 6,  8000.00),
(25, 'Jardinerías Matías S.L.',   'Matías',    'San Martín', '916458762',  '916458762',  'C/España, 1',       NULL,          'Fuenlabrada', 'Madrid',    'Spain',  '28945', 9,  3000.00),
(26, 'Jardinería Carrasco',       'Leo',       'Roca',       '916712439',  '916712439',  'C/Manchester, 30',  NULL,          'Fuenlabrada', 'Madrid',    'Spain',  '28945', 9,  6000.00),
(27, 'Jardines y Cia S.L.',       'Rafael',    'Ruiz',       '916248590',  '916248591',  'C/Pedrezuela, 1',   NULL,          'Colmenar Viejo','Madrid', 'Spain',  '28770', 9,  3000.00),
(28, 'Agrojardin',                'Agustín',   'Losada',     '916719051',  '916719052',  'C/Benimussa, 16',   NULL,          'Fuenlabrada', 'Madrid',    'Spain',  '28945', 9,  8000.00),
(29, 'Top Campo',                 'Ariel',     'Mascarenhas','916788265',  '916788266',  'C/Benimussa, 48',   NULL,          'Fuenlabrada', 'Madrid',    'Spain',  '28945', 9,  5000.00),
(30, 'Jardineria La Molina S.L.', 'Javier',    'Villegas',   '916771098',  '916771099',  'C/Benimussa, 50',   NULL,         'Fuenlabrada',  'Madrid',   'Spain',  '28945', 9,  5000.00),
(31, 'Flores Online S.L.',        'Ana',       'Pérez',      '916745892',  '916745893',  'C/Benimussa, 60',   NULL,          'Fuenlabrada', 'Madrid',    'Spain',  '28945', 9,  7000.00),
(32, 'Jardinería Pradel S.L.',    'Juan',      'Medina',     '916712439',  '916712440',  'C/Benimussa, 70',   NULL,          'Fuenlabrada', 'Madrid',    'Spain',  '28945', 9,  4000.00),
(33, 'El Flor de la Montaña S.L.','José',      'Navarro',    '916253647',  '916253648',  'C/Cervantes, 2',    NULL,          'San Sebastián de los Reyes','Madrid','Spain','28700',9,5000.00),
(34, 'Campohermoso',              'Juan',      'Roca',       '916712379',  '916712379',  'C/Camino Cerro, 1', NULL,          'Fuenlabrada', 'Madrid',    'Spain',  '28945', 9,  3000.00),
(35, 'france telecom',            'FranceTelec','',          '33140926190','33140926191','6 place d\'Alleray 15e',NULL,       'Paris',       NULL,        'France', '75015', 12, 10000.00),
(36, 'Jardines Palermo',          'Alejandro', 'Palermo',    '916712439',  '916712440',  'C/Benimussa, 48',   NULL,          'Fuenlabrada', 'Madrid',    'Spain',  '28945', 9,  5000.00),
(37, 'Jardinerías Internacionales','Elena',    'Vázquez',    '916712439',  '916712440',  'C/Benimussa, 48',   NULL,          'Fuenlabrada', 'Madrid',    'Spain',  '28945', 9,  5000.00),
(38, 'Jardines Aurora',           'Aurora',    'Gómez',      '916712439',  '916712440',  'C/Benimussa, 48',   NULL,          'Fuenlabrada', 'Madrid',    'Spain',  '28945', 9,  4000.00);

-- ------------------------------------------------------------
-- PEDIDO
-- ------------------------------------------------------------
CREATE TABLE pedido (
    codigo_pedido   INT          PRIMARY KEY,
    fecha_pedido    DATE         NOT NULL,
    fecha_esperada  DATE         NOT NULL,
    fecha_entrega   DATE,
    estado          VARCHAR(15)  NOT NULL,
    comentarios     TEXT,
    codigo_cliente  INT          NOT NULL REFERENCES cliente(codigo_cliente)
);

INSERT INTO pedido VALUES
(1,  '2006-01-17','2006-01-27','2006-01-19','Entregado',  NULL, 5),
(2,  '2006-01-18','2006-01-28','2006-01-28','Entregado',  NULL, 5),
(3,  '2006-01-19','2006-01-29','2006-01-31','Entregado',  'El pedido se entregó con 2 días de retraso', 5),
(4,  '2006-01-22','2006-01-31','2006-01-25','Entregado',  NULL, 5),
(5,  '2006-01-24','2006-02-03','2006-02-04','Entregado',  'El pedido se entregó con 1 día de retraso', 5),
(6,  '2006-02-01','2006-02-11','2006-02-06','Entregado',  NULL, 5),
(7,  '2006-02-06','2006-02-16','2006-02-10','Entregado',  NULL, 5),
(8,  '2006-02-10','2006-02-20','2006-02-14','Entregado',  NULL, 5),
(9,  '2006-02-17','2006-02-27','2006-02-20','Entregado',  NULL, 5),
(10, '2006-02-20','2006-03-02','2006-02-24','Entregado',  NULL, 5),
(11, '2006-02-24','2006-03-06','2006-03-01','Entregado',  NULL, 5),
(12, '2006-03-03','2006-03-13','2006-03-09','Entregado',  NULL, 5),
(13, '2006-03-06','2006-03-16','2006-03-10','Entregado',  NULL, 5),
(14, '2006-03-10','2006-03-20','2006-03-14','Entregado',  NULL, 5),
(15, '2006-03-14','2006-03-24','2006-03-20','Entregado',  NULL, 5),
(16, '2006-03-16','2006-03-26','2006-03-21','Entregado',  NULL, 5),
(17, '2009-01-09','2009-01-19','2009-01-12','Entregado',  NULL, 7),
(28, '2009-03-02','2009-03-12','2009-03-05','Entregado',  NULL, 7),
(31, '2008-09-03','2008-09-13',NULL,         'Rechazado', 'Limite de credito superado', 7),
(32, '2008-09-03','2008-09-13',NULL,         'Rechazado', 'Limite de credito superado', 7),
(33, '2009-01-13','2009-01-23','2009-01-15','Entregado',  NULL, 7),
(35, '2009-03-10','2009-03-20',NULL,         'Pendiente', NULL, 7),
(36, '2009-01-15','2009-01-25','2009-01-18','Entregado',  NULL, 7),
(37, '2009-01-20','2009-01-30','2009-01-25','Entregado',  NULL, 7),
(38, '2009-01-22','2009-02-01','2009-01-25','Entregado',  NULL, 7),
(39, '2009-01-26','2009-02-05','2009-02-01','Entregado',  NULL, 7),
(40, '2009-02-02','2009-02-12','2009-02-05','Entregado',  NULL, 7),
(41, '2009-02-09','2009-02-19','2009-02-12','Entregado',  NULL, 7),
(42, '2009-02-16','2009-02-26','2009-02-20','Entregado',  NULL, 7),
(43, '2009-02-23','2009-03-05','2009-02-26','Entregado',  NULL, 7),
(44, '2009-03-02','2009-03-12','2009-03-05','Entregado',  NULL, 7),
(45, '2009-03-09','2009-03-19',NULL,         'Pendiente', NULL, 7),
(46, '2009-01-16','2009-01-26','2009-01-20','Entregado',  NULL, 8),
(47, '2009-01-26','2009-02-05','2009-01-30','Entregado',  NULL, 8),
(48, '2009-02-09','2009-02-19','2009-02-14','Entregado',  NULL, 8),
(49, '2009-02-23','2009-03-05','2009-02-25','Entregado',  NULL, 8),
(50, '2009-03-09','2009-03-19',NULL,         'Pendiente', NULL, 8),
(51, '2009-01-20','2009-01-30','2009-01-25','Entregado',  NULL, 9),
(52, '2009-02-03','2009-02-13','2009-02-06','Entregado',  NULL, 9),
(53, '2009-02-17','2009-02-27','2009-02-20','Entregado',  NULL, 9),
(54, '2009-03-03','2009-03-13',NULL,         'Pendiente', NULL, 9),
(55, '2009-01-21','2009-01-31','2009-01-25','Entregado',  NULL, 14),
(56, '2009-02-04','2009-02-14','2009-02-08','Entregado',  NULL, 14),
(57, '2009-02-18','2009-02-28','2009-02-22','Entregado',  NULL, 14),
(58, '2009-03-04','2009-03-14',NULL,         'Pendiente', NULL, 14),
(59, '2009-01-22','2009-02-01','2009-01-26','Entregado',  NULL, 13),
(60, '2009-02-05','2009-02-15','2009-02-10','Entregado',  NULL, 13),
(61, '2009-02-19','2009-03-01','2009-02-25','Entregado',  NULL, 13),
(62, '2009-03-05','2009-03-15',NULL,         'Pendiente', NULL, 13),
(63, '2009-01-23','2009-02-02','2009-01-28','Entregado',  NULL, 6),
(64, '2009-02-06','2009-02-16','2009-02-11','Entregado',  NULL, 6),
(65, '2009-02-20','2009-03-02','2009-02-26','Entregado',  NULL, 6),
(66, '2009-03-06','2009-03-16',NULL,         'Pendiente', NULL, 6),
(67, '2009-01-26','2009-02-05','2009-01-30','Entregado',  NULL, 16),
(68, '2009-02-09','2009-02-19','2009-02-13','Entregado',  NULL, 16),
(69, '2009-02-23','2009-03-05','2009-02-27','Entregado',  NULL, 16),
(70, '2009-03-09','2009-03-19',NULL,         'Pendiente', NULL, 16),
(71, '2009-01-27','2009-02-06','2009-01-31','Entregado',  NULL, 19),
(72, '2009-02-10','2009-02-20','2009-02-14','Entregado',  NULL, 19),
(73, '2009-02-24','2009-03-06','2009-02-28','Entregado',  NULL, 19),
(74, '2009-03-10','2009-03-20',NULL,         'Pendiente', NULL, 19),
(75, '2009-01-28','2009-02-07','2009-02-01','Entregado',  NULL, 22),
(76, '2009-02-11','2009-02-21','2009-02-15','Entregado',  NULL, 22),
(77, '2009-02-25','2009-03-07','2009-03-01','Entregado',  NULL, 22),
(78, '2009-03-11','2009-03-21',NULL,         'Pendiente', NULL, 22),
(79, '2009-01-29','2009-02-08','2009-02-02','Entregado',  NULL, 23),
(80, '2009-02-12','2009-02-22','2009-02-16','Entregado',  NULL, 23),
(81, '2009-02-26','2009-03-08','2009-03-02','Entregado',  NULL, 23),
(82, '2009-03-12','2009-03-22',NULL,         'Pendiente', NULL, 23),
(83, '2009-01-30','2009-02-09','2009-02-03','Entregado',  NULL, 24),
(84, '2009-02-13','2009-02-23','2009-02-17','Entregado',  NULL, 24),
(85, '2009-02-27','2009-03-09','2009-03-03','Entregado',  NULL, 24),
(86, '2009-03-13','2009-03-23',NULL,         'Pendiente', NULL, 24),
(87, '2009-01-31','2009-02-10','2009-02-04','Entregado',  NULL, 26),
(88, '2009-02-14','2009-02-24','2009-02-18','Entregado',  NULL, 26),
(89, '2009-02-28','2009-03-10','2009-03-04','Entregado',  NULL, 26),
(90, '2009-03-14','2009-03-24',NULL,         'Pendiente', NULL, 26),
(91, '2009-02-01','2009-02-11','2009-02-05','Entregado',  NULL, 28),
(92, '2009-02-15','2009-02-25','2009-02-19','Entregado',  NULL, 28),
(93, '2009-03-01','2009-03-11','2009-03-05','Entregado',  NULL, 28),
(94, '2009-03-15','2009-03-25',NULL,         'Pendiente', NULL, 28),
(95, '2009-02-02','2009-02-12','2009-02-06','Entregado',  NULL, 29),
(96, '2009-02-16','2009-02-26','2009-02-20','Entregado',  NULL, 29),
(97, '2009-03-02','2009-03-12','2009-03-06','Entregado',  NULL, 29),
(98, '2009-03-16','2009-03-26',NULL,         'Pendiente', NULL, 29),
(99, '2009-02-03','2009-02-13','2009-02-07','Entregado',  NULL, 30),
(100,'2009-02-17','2009-02-27','2009-02-21','Entregado',  NULL, 30),
(101,'2009-03-03','2009-03-13','2009-03-07','Entregado',  NULL, 30),
(102,'2009-03-17','2009-03-27',NULL,         'Pendiente', NULL, 30),
(103,'2009-02-04','2009-02-14','2009-02-08','Entregado',  NULL, 36),
(104,'2009-02-18','2009-02-28','2009-02-22','Entregado',  NULL, 36),
(105,'2009-03-04','2009-03-14','2009-03-08','Entregado',  NULL, 36),
(106,'2009-03-18','2009-03-28',NULL,         'Pendiente', NULL, 36),
(107,'2009-02-05','2009-02-15','2009-02-09','Entregado',  NULL, 37),
(108,'2009-02-19','2009-03-01','2009-02-23','Entregado',  NULL, 37),
(109,'2009-03-05','2009-03-15','2009-03-09','Entregado',  NULL, 37),
(110,'2009-03-19','2009-03-29',NULL,         'Pendiente', NULL, 37),
(111,'2009-02-06','2009-02-16','2009-02-10','Entregado',  NULL, 38),
(112,'2009-02-20','2009-03-02','2009-02-24','Entregado',  NULL, 38),
(113,'2009-03-06','2009-03-16','2009-03-10','Entregado',  NULL, 38),
(114,'2009-03-20','2009-03-30',NULL,         'Pendiente', NULL, 38),
(115,'2009-02-07','2009-02-17','2009-02-11','Entregado',  NULL, 1),
(116,'2009-02-21','2009-03-03','2009-02-25','Entregado',  NULL, 1),
(117,'2009-03-07','2009-03-17','2009-03-11','Entregado',  NULL, 1),
(118,'2009-03-21','2009-03-31',NULL,         'Pendiente', NULL, 1),
(119,'2009-02-08','2009-02-18','2009-02-12','Entregado',  NULL, 3),
(120,'2009-02-22','2009-03-04','2009-02-26','Entregado',  NULL, 3),
(121,'2009-03-08','2009-03-18','2009-03-12','Entregado',  NULL, 3),
(122,'2009-03-22','2009-04-01',NULL,         'Pendiente', NULL, 3),
(123,'2009-02-09','2009-02-19','2009-02-13','Entregado',  NULL, 4),
(124,'2009-02-23','2009-03-05','2009-02-27','Entregado',  NULL, 4),
(125,'2009-03-09','2009-03-19','2009-03-13','Entregado',  NULL, 4),
(126,'2009-03-23','2009-04-02',NULL,         'Pendiente', NULL, 4),
(127,'2009-02-10','2009-02-20','2009-02-14','Entregado',  NULL, 10),
(128,'2009-02-24','2009-03-06','2009-02-28','Entregado',  NULL, 10),
(129,'2009-03-10','2009-03-20','2009-03-14','Entregado',  NULL, 10),
(130,'2009-03-24','2009-04-03',NULL,         'Pendiente', NULL, 10),
(131,'2009-02-11','2009-02-21','2009-02-15','Entregado',  NULL, 11),
(132,'2009-02-25','2009-03-07','2009-03-01','Entregado',  NULL, 11),
(133,'2009-03-11','2009-03-21','2009-03-15','Entregado',  NULL, 11),
(134,'2009-03-25','2009-04-04',NULL,         'Pendiente', NULL, 11),
(135,'2009-02-12','2009-02-22','2009-02-16','Entregado',  NULL, 12),
(136,'2009-02-26','2009-03-08','2009-03-02','Entregado',  NULL, 12),
(137,'2009-03-12','2009-03-22','2009-03-16','Entregado',  NULL, 12),
(138,'2009-03-26','2009-04-05',NULL,         'Pendiente', NULL, 12);

-- ------------------------------------------------------------
-- DETALLE_PEDIDO
-- ------------------------------------------------------------
CREATE TABLE detalle_pedido (
    codigo_pedido   INT            NOT NULL REFERENCES pedido(codigo_pedido),
    codigo_producto VARCHAR(15)    NOT NULL REFERENCES producto(codigo_producto),
    cantidad        INT            NOT NULL,
    precio_unidad   DECIMAL(15,2)  NOT NULL,
    numero_linea    SMALLINT       NOT NULL,
    PRIMARY KEY (codigo_pedido, codigo_producto)
);

INSERT INTO detalle_pedido VALUES
(1,  'FR-001', 30, 10.95, 1),
(1,  'FR-003', 20, 10.65, 2),
(1,  'FR-006', 50,  9.00, 3),
(2,  'FR-001', 30, 10.95, 1),
(2,  'FR-006', 40,  9.00, 2),
(3,  'FR-002', 10, 16.00, 1),
(3,  'FR-005', 20,  7.95, 2),
(4,  'FR-001', 10, 10.95, 1),
(4,  'OR-001', 25, 14.68, 2),
(5,  'OR-003',  5, 16.49, 1),
(5,  'OR-004',  5, 16.49, 2),
(6,  'OR-006', 25,  4.95, 1),
(6,  'OR-007', 25,  7.95, 2),
(7,  'OR-008', 15,  9.95, 1),
(7,  'OR-012', 30,  6.00, 2),
(8,  'OR-013',  3, 24.00, 1),
(8,  'OR-014', 30,  5.00, 2),
(9,  'OR-015', 20,  5.00, 1),
(9,  'OR-016', 40,  9.90, 2),
(10, 'OR-017', 50,  4.00, 1),
(10, 'OR-018', 10, 10.00, 2),
(11, 'OR-019', 60,  3.50, 1),
(11, 'OR-020', 30,  7.00, 2),
(12, 'TR-001', 40,  4.00, 1),
(12, 'TR-002', 40,  4.00, 2),
(13, 'TR-003', 40,  4.00, 1),
(13, 'TR-004', 40,  4.00, 2),
(14, 'TR-005', 40,  4.00, 1),
(14, 'TR-006', 40,  4.00, 2),
(15, 'TR-007', 40,  4.00, 1),
(15, 'TR-008', 40,  4.00, 2),
(16, 'AR-001', 60,  1.00, 1),
(16, 'AR-002', 40,  4.00, 2),
(17, 'FR-001', 20, 10.95, 1),
(17, 'FR-003', 15, 10.65, 2),
(28, 'FR-006', 30,  9.00, 1),
(28, 'OR-001', 20, 14.68, 2),
(33, 'OR-003',  4, 16.49, 1),
(33, 'OR-007', 20,  7.95, 2),
(36, 'OR-008', 10,  9.95, 1),
(36, 'OR-012', 25,  6.00, 2),
(37, 'OR-013',  2, 24.00, 1),
(37, 'OR-014', 25,  5.00, 2),
(38, 'OR-015', 15,  5.00, 1),
(38, 'OR-016', 35,  9.90, 2),
(39, 'OR-017', 45,  4.00, 1),
(39, 'OR-018',  8, 10.00, 2),
(40, 'OR-019', 55,  3.50, 1),
(40, 'OR-020', 25,  7.00, 2),
(41, 'TR-001', 35,  4.00, 1),
(41, 'TR-002', 35,  4.00, 2),
(42, 'TR-003', 35,  4.00, 1),
(42, 'TR-004', 35,  4.00, 2),
(43, 'TR-005', 35,  4.00, 1),
(43, 'TR-006', 35,  4.00, 2),
(44, 'TR-007', 35,  4.00, 1),
(44, 'TR-008', 35,  4.00, 2),
(46, 'AR-001', 55,  1.00, 1),
(46, 'AR-002', 35,  4.00, 2),
(47, 'FR-001', 15, 10.95, 1),
(47, 'FR-003', 10, 10.65, 2),
(48, 'FR-006', 25,  9.00, 1),
(48, 'OR-001', 15, 14.68, 2),
(49, 'OR-003',  3, 16.49, 1),
(49, 'OR-007', 15,  7.95, 2),
(51, 'OR-008',  8,  9.95, 1),
(51, 'OR-012', 20,  6.00, 2),
(52, 'OR-013',  1, 24.00, 1),
(52, 'OR-014', 20,  5.00, 2),
(53, 'OR-015', 10,  5.00, 1),
(53, 'OR-016', 30,  9.90, 2),
(55, 'OR-017', 40,  4.00, 1),
(55, 'OR-018',  6, 10.00, 2),
(56, 'OR-019', 50,  3.50, 1),
(56, 'OR-020', 20,  7.00, 2),
(57, 'TR-001', 30,  4.00, 1),
(57, 'TR-002', 30,  4.00, 2),
(59, 'TR-003', 30,  4.00, 1),
(59, 'TR-004', 30,  4.00, 2),
(60, 'TR-005', 30,  4.00, 1),
(60, 'TR-006', 30,  4.00, 2),
(61, 'TR-007', 30,  4.00, 1),
(61, 'TR-008', 30,  4.00, 2),
(63, 'AR-001', 50,  1.00, 1),
(63, 'AR-002', 30,  4.00, 2),
(64, 'FR-001', 10, 10.95, 1),
(64, 'FR-003',  5, 10.65, 2),
(65, 'FR-006', 20,  9.00, 1),
(65, 'OR-001', 10, 14.68, 2),
(67, 'OR-003',  2, 16.49, 1),
(67, 'OR-007', 10,  7.95, 2),
(68, 'OR-008',  5,  9.95, 1),
(68, 'OR-012', 15,  6.00, 2),
(69, 'OR-013',  1, 24.00, 1),
(69, 'OR-014', 15,  5.00, 2),
(71, 'OR-015',  5,  5.00, 1),
(71, 'OR-016', 25,  9.90, 2),
(72, 'OR-017', 35,  4.00, 1),
(72, 'OR-018',  4, 10.00, 2),
(73, 'OR-019', 45,  3.50, 1),
(73, 'OR-020', 15,  7.00, 2),
(75, 'TR-001', 25,  4.00, 1),
(75, 'TR-002', 25,  4.00, 2),
(76, 'TR-003', 25,  4.00, 1),
(76, 'TR-004', 25,  4.00, 2),
(77, 'TR-005', 25,  4.00, 1),
(77, 'TR-006', 25,  4.00, 2),
(79, 'TR-007', 25,  4.00, 1),
(79, 'TR-008', 25,  4.00, 2),
(80, 'AR-001', 45,  1.00, 1),
(80, 'AR-002', 25,  4.00, 2),
(83, 'FR-001',  5, 10.95, 1),
(83, 'FR-003',  3, 10.65, 2),
(84, 'FR-006', 15,  9.00, 1),
(84, 'OR-001',  5, 14.68, 2),
(87, 'OR-003',  1, 16.49, 1),
(87, 'OR-007',  5,  7.95, 2),
(88, 'OR-008',  3,  9.95, 1),
(88, 'OR-012', 10,  6.00, 2),
(91, 'OR-013',  1, 24.00, 1),
(91, 'OR-014', 10,  5.00, 2),
(92, 'OR-015',  3,  5.00, 1),
(92, 'OR-016', 20,  9.90, 2),
(95, 'OR-017', 30,  4.00, 1),
(95, 'OR-018',  2, 10.00, 2),
(96, 'OR-019', 40,  3.50, 1),
(96, 'OR-020', 10,  7.00, 2),
(99, 'TR-001', 20,  4.00, 1),
(99, 'TR-002', 20,  4.00, 2),
(100,'TR-003', 20,  4.00, 1),
(100,'TR-004', 20,  4.00, 2),
(101,'TR-005', 20,  4.00, 1),
(101,'TR-006', 20,  4.00, 2),
(103,'TR-007', 20,  4.00, 1),
(103,'TR-008', 20,  4.00, 2),
(104,'AR-001', 40,  1.00, 1),
(104,'AR-002', 20,  4.00, 2),
(107,'FR-001',  3, 10.95, 1),
(107,'FR-003',  2, 10.65, 2),
(108,'FR-006', 10,  9.00, 1),
(108,'OR-001',  3, 14.68, 2),
(111,'OR-003',  1, 16.49, 1),
(111,'OR-007',  3,  7.95, 2),
(112,'OR-008',  2,  9.95, 1),
(112,'OR-012',  5,  6.00, 2),
(115,'OR-013',  1, 24.00, 1),
(115,'OR-014',  5,  5.00, 2),
(116,'OR-015',  2,  5.00, 1),
(116,'OR-016', 15,  9.90, 2),
(119,'OR-017', 25,  4.00, 1),
(119,'OR-018',  1, 10.00, 2),
(120,'OR-019', 35,  3.50, 1),
(120,'OR-020',  5,  7.00, 2),
(123,'TR-001', 15,  4.00, 1),
(123,'TR-002', 15,  4.00, 2),
(124,'TR-003', 15,  4.00, 1),
(124,'TR-004', 15,  4.00, 2),
(125,'TR-005', 15,  4.00, 1),
(125,'TR-006', 15,  4.00, 2),
(127,'TR-007', 15,  4.00, 1),
(127,'TR-008', 15,  4.00, 2),
(128,'AR-001', 35,  1.00, 1),
(128,'AR-002', 15,  4.00, 2),
(131,'FR-001',  2, 10.95, 1),
(131,'FR-003',  1, 10.65, 2),
(132,'FR-006',  5,  9.00, 1),
(132,'OR-001',  2, 14.68, 2),
(135,'OR-003',  1, 16.49, 1),
(135,'OR-007',  2,  7.95, 2),
(136,'OR-008',  1,  9.95, 1),
(136,'OR-012',  3,  6.00, 2),
(137,'OR-015',  1,  5.00, 1),
(137,'OR-016', 10,  9.90, 2);

-- ------------------------------------------------------------
-- PAGO
-- ------------------------------------------------------------
CREATE TABLE pago (
    codigo_cliente  INT            NOT NULL REFERENCES cliente(codigo_cliente),
    forma_pago      VARCHAR(40)    NOT NULL,
    id_transaccion  VARCHAR(50)    PRIMARY KEY,
    fecha_pago      DATE           NOT NULL,
    total           DECIMAL(15,2)  NOT NULL
);

INSERT INTO pago VALUES
(1,  'PayPal',        'ak-std-000001', '2006-01-17',  2000.00),
(1,  'PayPal',        'ak-std-000002', '2006-02-17',  2000.00),
(3,  'PayPal',        'ak-std-000003', '2006-03-17',  2000.00),
(3,  'PayPal',        'ak-std-000004', '2007-01-17',  2000.00),
(3,  'PayPal',        'ak-std-000005', '2007-02-17',  2000.00),
(3,  'PayPal',        'ak-std-000006', '2007-03-17',  2000.00),
(4,  'PayPal',        'ak-std-000007', '2007-04-17',  2000.00),
(4,  'PayPal',        'ak-std-000008', '2007-05-17',  2000.00),
(5,  'PayPal',        'ak-std-000009', '2007-06-17',  2000.00),
(5,  'PayPal',        'ak-std-000010', '2007-07-17',  2000.00),
(5,  'PayPal',        'ak-std-000011', '2007-08-17',  2000.00),
(5,  'PayPal',        'ak-std-000012', '2007-09-17',  2000.00),
(5,  'PayPal',        'ak-std-000013', '2007-10-17',  2000.00),
(5,  'PayPal',        'ak-std-000014', '2008-01-17',  2000.00),
(5,  'PayPal',        'ak-std-000015', '2008-02-17',  2000.00),
(5,  'PayPal',        'ak-std-000016', '2009-01-17',  2000.00),
(6,  'PayPal',        'ak-std-000017', '2009-02-17',  2000.00),
(6,  'PayPal',        'ak-std-000018', '2009-03-17',  2000.00),
(7,  'PayPal',        'ak-std-000019', '2009-04-17',  2000.00),
(7,  'PayPal',        'ak-std-000020', '2009-05-17',  2000.00),
(8,  'PayPal',        'ak-std-000021', '2009-06-17',  2000.00),
(9,  'PayPal',        'ak-std-000022', '2009-07-17',  2000.00),
(10, 'PayPal',        'ak-std-000023', '2009-08-17',  2000.00),
(11, 'PayPal',        'ak-std-000024', '2009-09-17',  2000.00),
(12, 'PayPal',        'ak-std-000025', '2009-10-17',  2000.00),
(13, 'PayPal',        'ak-std-000026', '2009-11-17',  2000.00),
(14, 'PayPal',        'ak-std-000027', '2009-12-17',  2000.00),
(15, 'PayPal',        'ak-std-000028', '2010-01-17',  2000.00),
(16, 'PayPal',        'ak-std-000029', '2010-02-17',  2000.00),
(19, 'PayPal',        'ak-std-000030', '2010-03-17',  2000.00),
(22, 'PayPal',        'ak-std-000031', '2010-04-17',  2000.00),
(23, 'PayPal',        'ak-std-000032', '2010-05-17',  2000.00),
(24, 'PayPal',        'ak-std-000033', '2010-06-17',  2000.00),
(26, 'PayPal',        'ak-std-000034', '2010-07-17',  2000.00),
(28, 'PayPal',        'ak-std-000035', '2010-08-17',  2000.00),
(29, 'PayPal',        'ak-std-000036', '2010-09-17',  2000.00),
(30, 'PayPal',        'ak-std-000037', '2010-10-17',  2000.00),
(36, 'PayPal',        'ak-std-000038', '2010-11-17',  2000.00),
(37, 'PayPal',        'ak-std-000039', '2010-12-17',  2000.00),
(38, 'PayPal',        'ak-std-000040', '2011-01-17',  2000.00);

SELECT nombre
FROM producto
WHERE precio_venta = ANY(
SELECT MAX(precio_venta)
FROM producto);